"index","request_bytes","response_bytes","checksum_valid"
0,0  0  160  0  1  0  8  252,16  3  160  64  0  0  16  72  122  121  122  40  0  24  51  126,True
1,1  0  160  0  1  0  8  255,16  3  160  64  0  0  16  72  122  121  122  40  0  24  51  126,True
2,2  0  160  0  1  0  8  254,0  0  0  0  0  0  0  0  0  0  0  0  0  0  0  0,False
3,3  0  160  0  1  0  8  249,0  0  0  0  0  0  0  0  0  0  0  0  0  0  0  0,False
4,4  0  160  0  1  0  8  248,16  3  160  64  0  0  16  72  122  121  122  40  0  24  51  126,True
5,5  0  160  0  1  0  8  251,16  3  160  64  0  0  16  72  122  121  122  40  0  24  51  126,True
6,6  0  160  0  1  0  8  250,0  0  0  0  0  0  0  0  0  0  0  0  0  0  0  0,False
7,7  0  160  0  1  0  8  229,0  0  0  0  0  0  0  0  0  0  0  0  0  0  0  0,False
8,8  0  160  0  1  0  8  228,0  0  0  0  0  0  0  0  0  0  0  0  0  0  0  0,False
9,9  0  160  0  1  0  8  231,0  0  0  0  0  0  0  0  0  0  0  0  0  0  0  0,False
10,10  0  160  0  1  0  8  230,0  0  0  0  0  0  0  0  0  0  0  0  0  0  0  0,False
11,11  0  160  0  1  0  8  225,0  0  0  0  0  0  0  0  0  0  0  0  0  0  0  0,False
12,12  0  160  0  1  0  8  224,0  0  0  0  0  0  0  0  0  0  0  0  0  0  0  0,False
13,13  0  160  0  1  0  8  227,0  0  0  0  0  0  0  0  0  0  0  0  0  0  0  0,False
14,14  0  160  0  1  0  8  226,0  0  0  0  0  0  0  0  0  0  0  0  0  0  0  0,False
15,15  0  160  0  1  0  8  237,0  0  0  0  0  0  0  0  0  0  0  0  0  0  0  0,False
16,16  0  160  0  1  0  8  236,0  0  0  0  0  0  0  0  0  0  0  0  0  0  0  0,False
17,17  0  160  0  1  0  8  239,0  0  0  0  0  0  0  0  0  0  0  0  0  0  0  0,False
18,18  0  160  0  1  0  8  238,0  0  0  0  0  0  0  0  0  0  0  0  0  0  0  0,False
19,19  0  160  0  1  0  8  233,0  0  0  0  0  0  0  0  0  0  0  0  0  0  0  0,False
20,20  0  160  0  1  0  8  232,0  0  0  0  0  0  0  0  0  0  0  0  0  0  0  0,False
21,21  0  160  0  1  0  8  235,0  0  0  0  0  0  0  0  0  0  0  0  0  0  0  0,False
22,22  0  160  0  1  0  8  234,0  0  0  0  0  0  0  0  0  0  0  0  0  0  0  0,False
23,23  0  160  0  1  0  8  149,0  0  0  0  0  0  0  0  0  0  0  0  0  0  0  0,False
24,24  0  160  0  1  0  8  148,12  26  4  64  0  64  0  64  0  64  0  127  0  24  51  126,False
25,25  0  160  0  1  0  8  151,12  26  4  64  0  64  0  64  0  64  0  127  0  24  51  126,False
26,26  0  160  0  1  0  8  150,0  0  0  0  0  0  0  0  0  0  0  0  0  0  0  0,False
27,27  0  160  0  1  0  8  145,0  0  0  0  0  0  0  0  0  0  0  0  0  0  0  0,False
28,28  0  160  0  1  0  8  144,12  26  4  64  0  64  0  64  0  64  0  127  0  24  51  126,False
29,29  0  160  0  1  0  8  147,12  26  4  64  0  64  0  64  0  64  0  127  0  24  51  126,False
30,30  0  160  0  1  0  8  146,0  0  0  0  0  0  0  0  0  0  0  0  0  0  0  0,False
31,31  0  160  0  1  0  8  157,0  0  0  0  0  0  0  0  0  0  0  0  0  0  0  0,False
32,32  0  160  0  1  0  8  156,9  32  160  64  0  0  0  8  68  64  0  127  0  24  51  126,False
33,33  0  160  0  1  0  8  159,0  0  0  0  0  0  0  0  0  0  0  0  0  0  0  0,False
34,34  0  160  0  1  0  8  158,9  32  160  64  0  0  0  8  68  64  0  127  0  24  51  126,False
35,35  0  160  0  1  0  8  153,0  0  0  0  0  0  0  0  0  0  0  0  0  0  0  0,False
36,36  0  160  0  1  0  8  152,9  32  160  64  0  0  0  8  68  64  0  127  0  24  51  126,False
37,37  0  160  0  1  0  8  155,9  32  160  64  0  0  0  8  68  64  0  127  0  24  51  126,False
38,38  0  160  0  1  0  8  154,0  0  0  0  0  0  0  0  0  0  0  0  0  0  0  0,False
39,39  0  160  0  1  0  8  133,0  0  0  0  0  0  0  0  0  0  0  0  0  0  0  0,False
40,40  0  160  0  1  0  8  132,16  40  160  64  0  0  0  0  0  0  0  0  0  34  0  111,True
41,41  0  160  0  1  0  8  135,16  40  160  64  0  0  0  0  0  0  0  0  0  34  0  111,True
42,42  0  160  0  1  0  8  134,0  0  0  0  0  0  0  0  0  0  0  0  0  0  0  0,False
43,43  0  160  0  1  0  8  129,0  0  0  0  0  0  0  0  0  0  0  0  0  0  0  0,False
44,44  0  160  0  1  0  8  128,16  40  160  64  0  0  0  0  0  0  0  0  0  34  0  111,True
45,45  0  160  0  1  0  8  131,16  40  160  64  0  0  0  0  0  0  0  0  0  34  0  111,True
46,46  0  160  0  1  0  8  130,0  0  0  0  0  0  0  0  0  0  0  0  0  0  0  0,False
47,47  0  160  0  1  0  8  141,0  0  0  0  0  0  0  0  0  0  0  0  0  0  0  0,False
48,48  0  160  0  1  0  8  140,0  0  0  0  0  0  0  0  0  0  0  0  0  0  0  0,False
49,49  0  160  0  1  0  8  143,0  0  0  0  0  0  0  0  0  0  0  0  0  0  0  0,False
50,50  0  160  0  1  0  8  142,0  0  0  0  0  0  0  0  0  0  0  0  0  0  0  0,False
51,51  0  160  0  1  0  8  137,0  0  0  0  0  0  0  0  0  0  0  0  0  0  0  0,False
52,52  0  160  0  1  0  8  136,0  0  0  0  0  0  0  0  0  0  0  0  0  0  0  0,False
53,53  0  160  0  1  0  8  139,0  0  0  0  0  0  0  0  0  0  0  0  0  0  0  0,False
54,54  0  160  0  1  0  8  138,0  0  0  0  0  0  0  0  0  0  0  0  0  0  0  0,False
55,55  0  160  0  1  0  8  181,0  0  0  0  0  0  0  0  0  0  0  0  0  0  0  0,False
56,56  0  160  0  1  0  8  180,0  0  0  0  0  0  0  0  0  0  0  0  0  0  0  0,False
57,57  0  160  0  1  0  8  183,0  0  0  0  0  0  0  0  0  0  0  0  0  0  0  0,False
58,58  0  160  0  1  0  8  182,0  0  0  0  0  0  0  0  0  0  0  0  0  0  0  0,False
59,59  0  160  0  1  0  8  177,0  0  0  0  0  0  0  0  0  0  0  0  0  0  0  0,False
60,60  0  160  0  1  0  8  176,0  0  0  0  0  0  0  0  0  0  0  0  0  0  0  0,False
61,61  0  160  0  1  0  8  179,0  0  0  0  0  0  0  0  0  0  0  0  0  0  0  0,False
62,62  0  160  0  1  0  8  178,0  0  0  0  0  0  0  0  0  0  0  0  0  0  0  0,False
63,63  0  160  0  1  0  8  189,0  0  0  0  0  0  0  0  0  0  0  0  0  0  0  0,False
64,64  0  160  0  1  0  8  188,0  0  0  0  0  0  0  0  0  0  0  0  0  0  0  0,False
65,65  0  160  0  1  0  8  191,0  0  0  0  0  0  0  0  0  0  0  0  0  0  0  0,False
66,66  0  160  0  1  0  8  190,0  0  0  0  0  0  0  0  0  0  0  0  0  0  0  0,False
67,67  0  160  0  1  0  8  185,0  0  0  0  0  0  0  0  0  0  0  0  0  0  0  0,False
68,68  0  160  0  1  0  8  184,0  0  0  0  0  0  0  0  0  0  0  0  0  0  0  0,False
69,69  0  160  0  1  0  8  187,0  0  0  0  0  0  0  0  0  0  0  0  0  0  0  0,False
70,70  0  160  0  1  0  8  186,0  0  0  0  0  0  0  0  0  0  0  0  0  0  0  0,False
71,71  0  160  0  1  0  8  165,0  0  0  0  0  0  0  0  0  0  0  0  0  0  0  0,False
72,72  0  160  0  1  0  8  164,0  0  0  0  0  0  0  0  0  0  0  0  0  0  0  0,False
73,73  0  160  0  1  0  8  167,0  0  0  0  0  0  0  0  0  0  0  0  0  0  0  0,False
74,74  0  160  0  1  0  8  166,0  0  0  0  0  0  0  0  0  0  0  0  0  0  0  0,False
75,75  0  160  0  1  0  8  161,0  0  0  0  0  0  0  0  0  0  0  0  0  0  0  0,False
76,76  0  160  0  1  0  8  160,0  0  0  0  0  0  0  0  0  0  0  0  0  0  0  0,False
77,77  0  160  0  1  0  8  163,0  0  0  0  0  0  0  0  0  0  0  0  0  0  0  0,False
78,78  0  160  0  1  0  8  162,0  0  0  0  0  0  0  0  0  0  0  0  0  0  0  0,False
79,79  0  160  0  1  0  8  173,0  0  0  0  0  0  0  0  0  0  0  0  0  0  0  0,False
80,80  0  160  0  1  0  8  172,0  0  0  0  0  0  0  0  0  0  0  0  0  0  0  0,False
81,81  0  160  0  1  0  8  175,0  0  0  0  0  0  0  0  0  0  0  0  0  0  0  0,False
82,82  0  160  0  1  0  8  174,0  0  0  0  0  0  0  0  0  0  0  0  0  0  0  0,False
83,83  0  160  0  1  0  8  169,0  0  0  0  0  0  0  0  0  0  0  0  0  0  0  0,False
84,84  0  160  0  1  0  8  168,0  0  0  0  0  0  0  0  0  0  0  0  0  0  0  0,False
85,85  0  160  0  1  0  8  171,0  0  0  0  0  0  0  0  0  0  0  0  0  0  0  0,False
86,86  0  160  0  1  0  8  170,0  0  0  0  0  0  0  0  0  0  0  0  0  0  0  0,False
87,87  0  160  0  1  0  8  85,0  0  0  0  0  0  0  0  0  0  0  0  0  0  0  0,False
88,88  0  160  0  1  0  8  84,0  0  0  0  0  0  0  0  0  0  0  0  0  0  0  0,False
89,89  0  160  0  1  0  8  87,0  0  0  0  0  0  0  0  0  0  0  0  0  0  0  0,False
90,90  0  160  0  1  0  8  86,0  0  0  0  0  0  0  0  0  0  0  0  0  0  0  0,False
91,91  0  160  0  1  0  8  81,0  0  0  0  0  0  0  0  0  0  0  0  0  0  0  0,False
92,92  0  160  0  1  0  8  80,0  0  0  0  0  0  0  0  0  0  0  0  0  0  0  0,False
93,93  0  160  0  1  0  8  83,0  0  0  0  0  0  0  0  0  0  0  0  0  0  0  0,False
94,94  0  160  0  1  0  8  82,0  0  0  0  0  0  0  0  0  0  0  0  0  0  0  0,False
95,95  0  160  0  1  0  8  93,0  0  0  0  0  0  0  0  0  0  0  0  0  0  0  0,False
96,96  0  160  0  1  0  8  92,0  0  0  0  0  0  0  0  0  0  0  0  0  0  0  0,False
97,97  0  160  0  1  0  8  95,0  0  0  0  0  0  0  0  0  0  0  0  0  0  0  0,False
98,98  0  160  0  1  0  8  94,0  0  0  0  0  0  0  0  0  0  0  0  0  0  0  0,False
99,99  0  160  0  1  0  8  89,0  0  0  0  0  0  0  0  0  0  0  0  0  0  0  0,False
100,100  0  160  0  1  0  8  88,0  0  0  0  0  0  0  0  0  0  0  0  0  0  0  0,False
101,101  0  160  0  1  0  8  91,0  0  0  0  0  0  0  0  0  0  0  0  0  0  0  0,False
102,102  0  160  0  1  0  8  90,0  0  0  0  0  0  0  0  0  0  0  0  0  0  0  0,False
103,103  0  160  0  1  0  8  69,0  0  0  0  0  0  0  0  0  0  0  0  0  0  0  0,False
104,104  0  160  0  1  0  8  68,0  0  0  0  0  0  0  0  0  0  0  0  0  0  0  0,False
105,105  0  160  0  1  0  8  71,0  0  0  0  0  0  0  0  0  0  0  0  0  0  0  0,False
106,106  0  160  0  1  0  8  70,0  0  0  0  0  0  0  0  0  0  0  0  0  0  0  0,False
107,107  0  160  0  1  0  8  65,0  0  0  0  0  0  0  0  0  0  0  0  0  0  0  0,False
108,108  0  160  0  1  0  8  64,0  0  0  0  0  0  0  0  0  0  0  0  0  0  0  0,False
109,109  0  160  0  1  0  8  67,0  0  0  0  0  0  0  0  0  0  0  0  0  0  0  0,False
110,110  0  160  0  1  0  8  66,0  0  0  0  0  0  0  0  0  0  0  0  0  0  0  0,False
111,111  0  160  0  1  0  8  77,0  0  0  0  0  0  0  0  0  0  0  0  0  0  0  0,False
112,112  0  160  0  1  0  8  76,0  0  0  0  0  0  0  0  0  0  0  0  0  0  0  0,False
113,113  0  160  0  1  0  8  79,0  0  0  0  0  0  0  0  0  0  0  0  0  0  0  0,False
114,114  0  160  0  1  0  8  78,0  0  0  0  0  0  0  0  0  0  0  0  0  0  0  0,False
115,115  0  160  0  1  0  8  73,0  0  0  0  0  0  0  0  0  0  0  0  0  0  0  0,False
116,116  0  160  0  1  0  8  72,0  0  0  0  0  0  0  0  0  0  0  0  0  0  0  0,False
117,117  0  160  0  1  0  8  75,0  0  0  0  0  0  0  0  0  0  0  0  0  0  0  0,False
118,118  0  160  0  1  0  8  74,0  0  0  0  0  0  0  0  0  0  0  0  0  0  0  0,False
119,119  0  160  0  1  0  8  117,0  0  0  0  0  0  0  0  0  0  0  0  0  0  0  0,False
120,120  0  160  0  1  0  8  116,0  0  0  0  0  0  0  0  0  0  0  0  0  0  0  0,False
121,121  0  160  0  1  0  8  119,0  0  0  0  0  0  0  0  0  0  0  0  0  0  0  0,False
122,122  0  160  0  1  0  8  118,0  0  0  0  0  0  0  0  0  0  0  0  0  0  0  0,False
123,123  0  160  0  1  0  8  113,0  0  0  0  0  0  0  0  0  0  0  0  0  0  0  0,False
124,124  0  160  0  1  0  8  112,0  0  0  0  0  0  0  0  0  0  0  0  0  0  0  0,False
125,125  0  160  0  1  0  8  115,0  0  0  0  0  0  0  0  0  0  0  0  0  0  0  0,False
126,126  0  160  0  1  0  8  114,0  0  0  0  0  0  0  0  0  0  0  0  0  0  0  0,False
127,127  0  160  0  1  0  8  125,0  0  0  0  0  0  0  0  0  0  0  0  0  0  0  0,False
128,128  0  160  0  1  0  8  124,16  3  160  64  0  0  16  72  122  121  121  40  0  24  51  127,True
129,129  0  160  0  1  0  8  127,16  3  160  64  0  0  16  72  122  121  121  40  0  24  51  127,True
130,130  0  160  0  1  0  8  126,0  0  0  0  0  0  0  0  0  0  0  0  0  0  0  0,False
131,131  0  160  0  1  0  8  121,0  0  0  0  0  0  0  0  0  0  0  0  0  0  0  0,False
132,132  0  160  0  1  0  8  120,16  3  160  64  0  0  16  72  122  121  121  40  0  24  51  127,True
133,133  0  160  0  1  0  8  123,16  3  160  64  0  0  16  72  122  121  121  40  0  24  51  127,True
134,134  0  160  0  1  0  8  122,0  0  0  0  0  0  0  0  0  0  0  0  0  0  0  0,False
135,135  0  160  0  1  0  8  101,0  0  0  0  0  0  0  0  0  0  0  0  0  0  0  0,False
136,136  0  160  0  1  0  8  100,0  0  0  0  0  0  0  0  0  0  0  0  0  0  0  0,False
137,137  0  160  0  1  0  8  103,0  0  0  0  0  0  0  0  0  0  0  0  0  0  0  0,False
138,138  0  160  0  1  0  8  102,0  0  0  0  0  0  0  0  0  0  0  0  0  0  0  0,False
139,139  0  160  0  1  0  8  97,0  0  0  0  0  0  0  0  0  0  0  0  0  0  0  0,False
140,140  0  160  0  1  0  8  96,0  0  0  0  0  0  0  0  0  0  0  0  0  0  0  0,False
141,141  0  160  0  1  0  8  99,0  0  0  0  0  0  0  0  0  0  0  0  0  0  0  0,False
142,142  0  160  0  1  0  8  98,0  0  0  0  0  0  0  0  0  0  0  0  0  0  0  0,False
143,143  0  160  0  1  0  8  109,0  0  0  0  0  0  0  0  0  0  0  0  0  0  0  0,False
144,144  0  160  0  1  0  8  108,0  0  0  0  0  0  0  0  0  0  0  0  0  0  0  0,False
145,145  0  160  0  1  0  8  111,0  0  0  0  0  0  0  0  0  0  0  0  0  0  0  0,False
146,146  0  160  0  1  0  8  110,0  0  0  0  0  0  0  0  0  0  0  0  0  0  0  0,False
147,147  0  160  0  1  0  8  105,0  0  0  0  0  0  0  0  0  0  0  0  0  0  0  0,False
148,148  0  160  0  1  0  8  104,0  0  0  0  0  0  0  0  0  0  0  0  0  0  0  0,False
149,149  0  160  0  1  0  8  107,0  0  0  0  0  0  0  0  0  0  0  0  0  0  0  0,False
150,150  0  160  0  1  0  8  106,0  0  0  0  0  0  0  0  0  0  0  0  0  0  0  0,False
151,151  0  160  0  1  0  8  21,0  0  0  0  0  0  0  0  0  0  0  0  0  0  0  0,False
152,152  0  160  0  1  0  8  20,12  26  4  64  0  64  0  64  0  64  0  127  0  24  51  127,False
153,153  0  160  0  1  0  8  23,12  26  4  64  0  64  0  64  0  64  0  127  0  24  51  127,False
154,154  0  160  0  1  0  8  22,0  0  0  0  0  0  0  0  0  0  0  0  0  0  0  0,False
155,155  0  160  0  1  0  8  17,0  0  0  0  0  0  0  0  0  0  0  0  0  0  0  0,False
156,156  0  160  0  1  0  8  16,12  26  4  64  0  64  0  64  0  64  0  127  0  24  51  127,False
157,157  0  160  0  1  0  8  19,12  26  4  64  0  64  0  64  0  64  0  127  0  24  51  127,False
158,158  0  160  0  1  0  8  18,0  0  0  0  0  0  0  0  0  0  0  0  0  0  0  0,False
159,159  0  160  0  1  0  8  29,0  0  0  0  0  0  0  0  0  0  0  0  0  0  0  0,False
160,160  0  160  0  1  0  8  28,9  32  160  64  0  0  0  8  68  64  0  127  0  24  51  127,False
161,161  0  160  0  1  0  8  31,9  32  160  64  0  0  0  8  68  64  0  127  0  24  51  127,False
162,162  0  160  0  1  0  8  30,0  0  0  0  0  0  0  0  0  0  0  0  0  0  0  0,False
163,163  0  160  0  1  0  8  25,0  0  0  0  0  0  0  0  0  0  0  0  0  0  0  0,False
164,164  0  160  0  1  0  8  24,9  32  160  64  0  0  0  8  68  64  0  127  0  24  51  127,False
165,165  0  160  0  1  0  8  27,9  32  160  64  0  0  0  8  68  64  0  127  0  24  51  127,False
166,166  0  160  0  1  0  8  26,0  0  0  0  0  0  0  0  0  0  0  0  0  0  0  0,False
167,167  0  160  0  1  0  8  5,0  0  0  0  0  0  0  0  0  0  0  0  0  0  0  0,False
168,168  0  160  0  1  0  8  4,16  40  160  64  0  0  0  0  0  0  0  0  0  34  0  111,True
169,169  0  160  0  1  0  8  7,16  40  160  64  0  0  0  0  0  0  0  0  0  34  0  111,True
170,170  0  160  0  1  0  8  6,0  0  0  0  0  0  0  0  0  0  0  0  0  0  0  0,False
171,171  0  160  0  1  0  8  1,0  0  0  0  0  0  0  0  0  0  0  0  0  0  0  0,False
172,172  0  160  0  1  0  8  0,16  40  160  64  0  0  0  0  0  0  0  0  0  34  0  111,True
173,173  0  160  0  1  0  8  3,16  40  160  64  0  0  0  0  0  0  0  0  0  34  0  111,True
174,174  0  160  0  1  0  8  2,0  0  0  0  0  0  0  0  0  0  0  0  0  0  0  0,False
175,175  0  160  0  1  0  8  13,0  0  0  0  0  0  0  0  0  0  0  0  0  0  0  0,False
176,176  0  160  0  1  0  8  12,0  0  0  0  0  0  0  0  0  0  0  0  0  0  0  0,False
177,177  0  160  0  1  0  8  15,0  0  0  0  0  0  0  0  0  0  0  0  0  0  0  0,False
178,178  0  160  0  1  0  8  14,0  0  0  0  0  0  0  0  0  0  0  0  0  0  0  0,False
179,179  0  160  0  1  0  8  9,0  0  0  0  0  0  0  0  0  0  0  0  0  0  0  0,False
180,180  0  160  0  1  0  8  8,0  0  0  0  0  0  0  0  0  0  0  0  0  0  0  0,False
181,181  0  160  0  1  0  8  11,0  0  0  0  0  0  0  0  0  0  0  0  0  0  0  0,False
182,182  0  160  0  1  0  8  10,0  0  0  0  0  0  0  0  0  0  0  0  0  0  0  0,False
183,183  0  160  0  1  0  8  53,0  0  0  0  0  0  0  0  0  0  0  0  0  0  0  0,False
184,184  0  160  0  1  0  8  52,0  0  0  0  0  0  0  0  0  0  0  0  0  0  0  0,False
185,185  0  160  0  1  0  8  55,0  0  0  0  0  0  0  0  0  0  0  0  0  0  0  0,False
186,186  0  160  0  1  0  8  54,0  0  0  0  0  0  0  0  0  0  0  0  0  0  0  0,False
187,187  0  160  0  1  0  8  49,0  0  0  0  0  0  0  0  0  0  0  0  0  0  0  0,False
188,188  0  160  0  1  0  8  48,0  0  0  0  0  0  0  0  0  0  0  0  0  0  0  0,False
189,189  0  160  0  1  0  8  51,0  0  0  0  0  0  0  0  0  0  0  0  0  0  0  0,False
190,190  0  160  0  1  0  8  50,0  0  0  0  0  0  0  0  0  0  0  0  0  0  0  0,False
191,191  0  160  0  1  0  8  61,0  0  0  0  0  0  0  0  0  0  0  0  0  0  0  0,False
192,192  0  160  0  1  0  8  60,0  0  0  0  0  0  0  0  0  0  0  0  0  0  0  0,False
193,193  0  160  0  1  0  8  63,0  0  0  0  0  0  0  0  0  0  0  0  0  0  0  0,False
194,194  0  160  0  1  0  8  62,0  0  0  0  0  0  0  0  0  0  0  0  0  0  0  0,False
195,195  0  160  0  1  0  8  57,0  0  0  0  0  0  0  0  0  0  0  0  0  0  0  0,False
196,196  0  160  0  1  0  8  56,0  0  0  0  0  0  0  0  0  0  0  0  0  0  0  0,False
197,197  0  160  0  1  0  8  59,0  0  0  0  0  0  0  0  0  0  0  0  0  0  0  0,False
198,198  0  160  0  1  0  8  58,0  0  0  0  0  0  0  0  0  0  0  0  0  0  0  0,False
199,199  0  160  0  1  0  8  37,0  0  0  0  0  0  0  0  0  0  0  0  0  0  0  0,False
200,200  0  160  0  1  0  8  36,0  0  0  0  0  0  0  0  0  0  0  0  0  0  0  0,False
201,201  0  160  0  1  0  8  39,0  0  0  0  0  0  0  0  0  0  0  0  0  0  0  0,False
202,202  0  160  0  1  0  8  38,0  0  0  0  0  0  0  0  0  0  0  0  0  0  0  0,False
203,203  0  160  0  1  0  8  33,0  0  0  0  0  0  0  0  0  0  0  0  0  0  0  0,False
204,204  0  160  0  1  0  8  32,0  0  0  0  0  0  0  0  0  0  0  0  0  0  0  0,False
205,205  0  160  0  1  0  8  35,0  0  0  0  0  0  0  0  0  0  0  0  0  0  0  0,False
206,206  0  160  0  1  0  8  34,0  0  0  0  0  0  0  0  0  0  0  0  0  0  0  0,False
207,207  0  160  0  1  0  8  45,0  0  0  0  0  0  0  0  0  0  0  0  0  0  0  0,False
208,208  0  160  0  1  0  8  44,0  0  0  0  0  0  0  0  0  0  0  0  0  0  0  0,False
209,209  0  160  0  1  0  8  47,0  0  0  0  0  0  0  0  0  0  0  0  0  0  0  0,False
210,210  0  160  0  1  0  8  46,0  0  0  0  0  0  0  0  0  0  0  0  0  0  0  0,False
211,211  0  160  0  1  0  8  41,0  0  0  0  0  0  0  0  0  0  0  0  0  0  0  0,False
212,212  0  160  0  1  0  8  40,0  0  0  0  0  0  0  0  0  0  0  0  0  0  0  0,False
213,213  0  160  0  1  0  8  43,0  0  0  0  0  0  0  0  0  0  0  0  0  0  0  0,False
214,214  0  160  0  1  0  8  42,0  0  0  0  0  0  0  0  0  0  0  0  0  0  0  0,False
215,215  0  160  0  1  0  8  213,0  0  0  0  0  0  0  0  0  0  0  0  0  0  0  0,False
216,216  0  160  0  1  0  8  212,0  0  0  0  0  0  0  0  0  0  0  0  0  0  0  0,False
217,217  0  160  0  1  0  8  215,0  0  0  0  0  0  0  0  0  0  0  0  0  0  0  0,False
218,218  0  160  0  1  0  8  214,0  0  0  0  0  0  0  0  0  0  0  0  0  0  0  0,False
219,219  0  160  0  1  0  8  209,0  0  0  0  0  0  0  0  0  0  0  0  0  0  0  0,False
220,220  0  160  0  1  0  8  208,0  0  0  0  0  0  0  0  0  0  0  0  0  0  0  0,False
221,221  0  160  0  1  0  8  211,0  0  0  0  0  0  0  0  0  0  0  0  0  0  0  0,False
222,222  0  160  0  1  0  8  210,0  0  0  0  0  0  0  0  0  0  0  0  0  0  0  0,False
223,223  0  160  0  1  0  8  221,0  0  0  0  0  0  0  0  0  0  0  0  0  0  0  0,False
224,224  0  160  0  1  0  8  220,0  0  0  0  0  0  0  0  0  0  0  0  0  0  0  0,False
225,225  0  160  0  1  0  8  223,0  0  0  0  0  0  0  0  0  0  0  0  0  0  0  0,False
226,226  0  160  0  1  0  8  222,0  0  0  0  0  0  0  0  0  0  0  0  0  0  0  0,False
227,227  0  160  0  1  0  8  217,0  0  0  0  0  0  0  0  0  0  0  0  0  0  0  0,False
228,228  0  160  0  1  0  8  216,0  0  0  0  0  0  0  0  0  0  0  0  0  0  0  0,False
229,229  0  160  0  1  0  8  219,0  0  0  0  0  0  0  0  0  0  0  0  0  0  0  0,False
230,230  0  160  0  1  0  8  218,0  0  0  0  0  0  0  0  0  0  0  0  0  0  0  0,False
231,231  0  160  0  1  0  8  197,0  0  0  0  0  0  0  0  0  0  0  0  0  0  0  0,False
232,232  0  160  0  1  0  8  196,0  0  0  0  0  0  0  0  0  0  0  0  0  0  0  0,False
233,233  0  160  0  1  0  8  199,0  0  0  0  0  0  0  0  0  0  0  0  0  0  0  0,False
234,234  0  160  0  1  0  8  198,0  0  0  0  0  0  0  0  0  0  0  0  0  0  0  0,False
235,235  0  160  0  1  0  8  193,0  0  0  0  0  0  0  0  0  0  0  0  0  0  0  0,False
236,236  0  160  0  1  0  8  192,0  0  0  0  0  0  0  0  0  0  0  0  0  0  0  0,False
237,237  0  160  0  1  0  8  195,0  0  0  0  0  0  0  0  0  0  0  0  0  0  0  0,False
238,238  0  160  0  1  0  8  194,0  0  0  0  0  0  0  0  0  0  0  0  0  0  0  0,False
239,239  0  160  0  1  0  8  205,0  0  0  0  0  0  0  0  0  0  0  0  0  0  0  0,False
240,240  0  160  0  1  0  8  204,0  0  0  0  0  0  0  0  0  0  0  0  0  0  0  0,False
241,241  0  160  0  1  0  8  207,0  0  0  0  0  0  0  0  0  0  0  0  0  0  0  0,False
242,242  0  160  0  1  0  8  206,0  0  0  0  0  0  0  0  0  0  0  0  0  0  0  0,False
243,243  0  160  0  1  0  8  201,0  0  0  0  0  0  0  0  0  0  0  0  0  0  0  0,False
244,244  0  160  0  1  0  8  200,0  0  0  0  0  0  0  0  0  0  0  0  0  0  0  0,False
245,245  0  160  0  1  0  8  203,0  0  0  0  0  0  0  0  0  0  0  0  0  0  0  0,False
246,246  0  160  0  1  0  8  202,0  0  0  0  0  0  0  0  0  0  0  0  0  0  0  0,False
247,247  0  160  0  1  0  8  245,0  0  0  0  0  0  0  0  0  0  0  0  0  0  0  0,False
248,248  0  160  0  1  0  8  244,0  0  0  0  0  0  0  0  0  0  0  0  0  0  0  0,False
249,249  0  160  0  1  0  8  247,0  0  0  0  0  0  0  0  0  0  0  0  0  0  0  0,False
250,250  0  160  0  1  0  8  246,0  0  0  0  0  0  0  0  0  0  0  0  0  0  0  0,False
251,251  0  160  0  1  0  8  241,0  0  0  0  0  0  0  0  0  0  0  0  0  0  0  0,False
252,252  0  160  0  1  0  8  240,0  0  0  0  0  0  0  0  0  0  0  0  0  0  0  0,False
253,253  0  160  0  1  0  8  243,0  0  0  0  0  0  0  0  0  0  0  0  0  0  0  0,False
254,254  0  160  0  1  0  8  242,0  0  0  0  0  0  0  0  0  0  0  0  0  0  0  0,False
255,255  0  160  0  1  0  8  253,0  0  0  0  0  0  0  0  0  0  0  0  0  0  0  0,False
